S. 5059,https://www.congress.gov/bill/117th-congress/senate-bill/5059,"A bill to improve the pilot program on acceptance by the Department of Veterans Affairs of donated facilities and related improvements to account for issues relating to inflation, and for other purposes.","Lankford, James","Fischer, Deb","Inhofe, James M.",,,,Armed Forces and National Security,,,,
S. 5002,https://www.congress.gov/bill/117th-congress/senate-bill/5002,A bill to allow for alternatives to animal testing for purposes of drug and biological product applications.,"Paul, Rand","Braun, Mike","Booker, Cory A.","Scott, Rick","Lujan, Ben Ray","Tuberville, Tommy",Health,,,,
S. 4900,https://www.congress.gov/bill/117th-congress/senate-bill/4900,SBIR and STTR Extension Act of 2022,"Cardin, Benjamin L.","Ernst, Joni",,,,,Commerce,China,Congressional oversight,Europe,Foreign and international corporations
S. 4899,https://www.congress.gov/bill/117th-congress/senate-bill/4899,IMPROVE Act,"Portman, Rob","Brown, Sherrod",,,,,Health,Religion,Medicare,Infectious and parasitic diseases,Immunology and vaccination
S. 4885,https://www.congress.gov/bill/117th-congress/senate-bill/4885,Kevin and Avonte's Law Reauthorization Act of 2022,"Grassley, Chuck","Tillis, Thomas","Schumer, Charles E.","Klobuchar, Amy",,,Crime and Law Enforcement,Congressional oversight,Health programs administration and funding,Hereditary and development disorders,Law enforcement administration and funding
S. 4791,https://www.congress.gov/bill/117th-congress/senate-bill/4791,"A bill to amend section 301 of title 44, United States Code, to establish a term for the appointment of the Director of the Government Publishing Office.","Blunt, Roy",,,,,,Government Operations and Politics,Congressional agencies,Congressional officers and employees,Federal officials,Government Publishing Office (GPO)
S. 4785,https://www.congress.gov/bill/117th-congress/senate-bill/4785,A bill to extend by 19 days the authorization for the special assessment for the Domestic Trafficking Victims' Fund.,"Klobuchar, Amy","Cornyn, John",,,,,Crime and Law Enforcement,Assault and harassment offenses,Human trafficking,Government trust funds,Crime victims
S. 4673,https://www.congress.gov/bill/117th-congress/senate-bill/4673,National Computer Forensics Institute Reauthorization Act of 2022,"Grassley, Chuck","Feinstein, Dianne","Hassan, Margaret Wood","Tuberville, Tommy","Whitehouse, Sheldon","Cornyn, John",Crime and Law Enforcement,,,,
S. 4553,https://www.congress.gov/bill/117th-congress/senate-bill/4553,Extension of Department of Homeland Security Other Transaction Authority Act of 2022,"Peters, Gary C.","Portman, Rob",,,,,Government Operations and Politics,,,,
S. 4552,https://www.congress.gov/bill/117th-congress/senate-bill/4552,Extension of Authority to Acquire Innovative Commercial Items Act of 2022,"Peters, Gary C.","Portman, Rob",,,,,Government Operations and Politics,Advanced technology and technological innovations,Public contracts and procurement,Service industries,
S. 4524,https://www.congress.gov/bill/117th-congress/senate-bill/4524,Speak Out Act,"Gillibrand, Kirsten E.","Feinstein, Dianne","Coons, Christopher A.","Padilla, Alex","Grassley, Chuck","Klobuchar, Amy",Law,,,,
S. 4458,https://www.congress.gov/bill/117th-congress/senate-bill/4458,Ensuring the Best Schools for Veterans Act of 2022,"Tester, Jon","Collins, Susan M.","Moran, Jerry","Blackburn, Marsha",,,Armed Forces and National Security,,,,
S. 4359,https://www.congress.gov/bill/117th-congress/senate-bill/4359,Senator Johnny Isakson VA Regional Office Act of 2022,"Ossoff, Jon","Tillis, Thomas","Shaheen, Jeanne","McConnell, Mitch","Schumer, Charles E.","Tester, Jon",Armed Forces and National Security,"Government buildings, facilities, and property",Members of Congress,Georgia,Congressional tributes
S. 4261,https://www.congress.gov/bill/117th-congress/senate-bill/4261,FORMULA Act,"Lee, Mike","Lummis, Cynthia M.","Grassley, Chuck","Wicker, Roger F.","Cassidy, Bill","Daines, Steve",Switzerland,South Africa,Poverty and welfare assistance,Marketing and advertising,Government information and archives
S. 4254,https://www.congress.gov/bill/117th-congress/senate-bill/4254,Disclosing Foreign Influence in Lobbying Act,"Grassley, Chuck","Stabenow, Debbie","Durbin, Richard J.","Cornyn, John","Peters, Gary C.","Sasse, Ben",Government Operations and Politics,,,,
S. 4235,https://www.congress.gov/bill/117th-congress/senate-bill/4235,A bill to amend the Controlled Substances Act to fix a technical error in the definitions.,"Grassley, Chuck","Coons, Christopher A.",,,,,Crime and Law Enforcement,Drug trafficking and controlled substances,,,
S. 4205,https://www.congress.gov/bill/117th-congress/senate-bill/4205,PAW Act,"Peters, Gary C.","Scott, Rick","Portman, Rob",,,,Emergency Management,Government studies and investigations,Government information and archives,Federal Emergency Management Agency (FEMA),Emergency planning and evacuation
S. 4166,https://www.congress.gov/bill/117th-congress/senate-bill/4166,Technological Hazards Preparedness and Training Act of 2022,"Portman, Rob","Sinema, Kyrsten",,,,,Emergency Management,Disaster relief and insurance,Emergency planning and evacuation,Congressional oversight,State and local government operations
S. 4160,https://www.congress.gov/bill/117th-congress/senate-bill/4160,Supreme Court Police Parity Act of 2022,"Cornyn, John","Coons, Christopher A.",,,,,Government Operations and Politics,Family relationships,"Government employee pay, benefits, personnel management",Judges,Law enforcement administration and funding
S. 4119,https://www.congress.gov/bill/117th-congress/senate-bill/4119,RECA Extension Act of 2022,"Lee, Mike","Kelly, Mark","Risch, James E.","Rosen, Jacky","Cortez Masto, Catherine","Lummis, Cynthia M.",Labor and Employment,Worker safety and health,Wyoming,Washington State,Arizona
S. 4089,https://www.congress.gov/bill/117th-congress/senate-bill/4089,Veterans Rapid Retraining Assistance Program Restoration and Recovery Act of 2022,"Durbin, Richard J.",,,,,,Armed Forces and National Security,Higher education,Educational facilities and institutions,"Veterans' education, employment, rehabilitation",Vocational and technical education
S. 4070,https://www.congress.gov/bill/117th-congress/senate-bill/4070,Samya Rose Stumo National Air Grant Fellowship Program Act of 2022,"Cantwell, Maria","Wicker, Roger F.",,,,,Transportation and Public Works,Congressional tributes,Transportation safety and security,Science and engineering education,Higher education
S. 4057,https://www.congress.gov/bill/117th-congress/senate-bill/4057,Strategic EV Management Act of 2022,"Peters, Gary C.","Carper, Thomas R.","Burr, Richard","Romney, Mitt","Hagerty, Bill","Lankford, James",Government Operations and Politics,"Government buildings, facilities, and property","Energy storage, supplies, demand",Congressional oversight,"Hybrid, electric, and advanced technology vehicles"
S. 4007,https://www.congress.gov/bill/117th-congress/senate-bill/4007,Fighting Post-Traumatic Stress Disorder Act of 2022,"Grassley, Chuck","Ossoff, Jon","Blackburn, Marsha","Feinstein, Dianne","Brown, Sherrod","Coons, Christopher A.",Crime and Law Enforcement,Neurological disorders,Mental health,Law enforcement officers,Law enforcement administration and funding
S. 4003,https://www.congress.gov/bill/117th-congress/senate-bill/4003,Law Enforcement De-Escalation Training Act of 2022,"Cornyn, John","Tester, Jon","Hassan, Margaret Wood","Feinstein, Dianne","Tillis, Thomas","Blumenthal, Richard",Crime and Law Enforcement,,,,
S. 3969,https://www.congress.gov/bill/117th-congress/senate-bill/3969,Protection and Advocacy for Voting Access Program Inclusion Act,"Lujan, Ben Ray","Heinrich, Martin","Smith, Tina","Klobuchar, Amy","Blunt, Roy",,Government Operations and Politics,"Elections, voting, political campaign regulation",Disability assistance,Indian social and development programs,U.S. territories and protectorates
S. 3906,https://www.congress.gov/bill/117th-congress/senate-bill/3906,Small Business Broadband and Emerging Information Technology Enhancement Act of 2022,"Shaheen, Jeanne","Markey, Edward J.","Kennedy, John","Ernst, Joni","Hirono, Mazie K.","Risch, James E.","Science, Technology, Communications",Business education,Computers and information technology,"Government employee pay, benefits, personnel management",Small business
S. 3905,https://www.congress.gov/bill/117th-congress/senate-bill/3905,Preventing Organizational Conflicts of Interest in Federal Acquisition Act,"Peters, Gary C.","Hassan, Margaret Wood","Ernst, Joni","Grassley, Chuck",,,Government Operations and Politics,Administrative law and regulatory procedures,"Government ethics and transparency, public corruption",Government information and archives,Public contracts and procurement
S. 3895,https://www.congress.gov/bill/117th-congress/senate-bill/3895,United States Commission on International Religious Freedom Reauthorization Act of 2022.,"Rubio, Marco","Cruz, Ted","Durbin, Richard J.","Menendez, Robert","Risch, James E.","Coons, Christopher A.",International Affairs,U.S. Commission on International Religious Freedom,Religion,International organizations and cooperation,Human rights
S. 3884,https://www.congress.gov/bill/117th-congress/senate-bill/3884,"A bill to designate the facility of the United States Postal Service located at 404 U.S. Highway 41 North in Baraga, Michigan, as the ""Cora Reynolds Anderson Post Office"".","Peters, Gary C.","Stabenow, Debbie",,,,,Government Operations and Politics,Michigan,"Government buildings, facilities, and property",Congressional tributes,Postal service
S. 3875,https://www.congress.gov/bill/117th-congress/senate-bill/3875,Community Disaster Resilience Zones Act of 2022,"Peters, Gary C.","Portman, Rob",,,,,Emergency Management,Emergency planning and evacuation,Government information and archives,Government studies and investigations,Intergovernmental relations
S. 3860,https://www.congress.gov/bill/117th-congress/senate-bill/3860,Invest to Protect Act of 2022,"Cortez Masto, Catherine","Hassan, Margaret Wood","Cassidy, Bill","Warnock, Raphael G.","Grassley, Chuck","Collins, Susan M.",Crime and Law Enforcement,"Government employee pay, benefits, personnel management",Employee hiring,Congressional oversight,Community life and organization
S. 3846,https://www.congress.gov/bill/117th-congress/senate-bill/3846,Justice and Mental Health Collaboration Reauthorization Act of 2022,"Cornyn, John","Blumenthal, Richard","Padilla, Alex","Booker, Cory A.","Leahy, Patrick J.","Grassley, Chuck",Crime and Law Enforcement,,,,
S. 3826,https://www.congress.gov/bill/117th-congress/senate-bill/3826,"A bill to designate the facility of the United States Postal Service located at 1304 4th Avenue in Canyon, Texas, as the ""Gary James Fletcher Post Office Building"".","Cornyn, John","Cruz, Ted",,,,,Government Operations and Politics,Congressional tributes,"Government buildings, facilities, and property",Postal service,Texas
S. 3825,https://www.congress.gov/bill/117th-congress/senate-bill/3825,"A bill to designate the facility of the United States Postal Service located at 3903 Melear Drive in Arlington, Texas, as the ""Ron Wright Post Office Building"".","Cornyn, John","Cruz, Ted",,,,,Government Operations and Politics,Congressional tributes,"Government buildings, facilities, and property",House of Representatives,Members of Congress
S. 3823,https://www.congress.gov/bill/117th-congress/senate-bill/3823,Bankruptcy Threshold Adjustment and Technical Corrections Act,"Grassley, Chuck","Durbin, Richard J.","Whitehouse, Sheldon","Cornyn, John",,,Finance and Financial Sector,Small business,Inflation and prices,Corporate finance and management,Bankruptcy
S. 3785,https://www.congress.gov/bill/117th-congress/senate-bill/3785,"A bill to amend title 49, United States Code, to eliminate the restriction on veterans concurrently serving in the Offices of Administrator and Deputy Administrator of the Federal Aviation Administration.","Wicker, Roger F.","Peters, Gary C.",,,,,Armed Forces and National Security,Federal officials,"Veterans' education, employment, rehabilitation",Aviation and airports,Department of Transportation
S. 3743,https://www.congress.gov/bill/117th-congress/senate-bill/3743,Recycling and Composting Accountability Act,"Carper, Thomas R.","Crapo, Mike","Stabenow, Debbie","Boozman, John","Capito, Shelley Moore","Grassley, Chuck",Environmental Protection,Environmental education,Government information and archives,Government studies and investigations,Solid waste and recycling
S. 3742,https://www.congress.gov/bill/117th-congress/senate-bill/3742,Recycling Infrastructure and Accessibility Act of 2022,"Capito, Shelley Moore","Warnock, Raphael G.","Stabenow, Debbie","Carper, Thomas R.","Boozman, John","Collins, Susan M.",Environmental Protection,Solid waste and recycling,Congressional oversight,Intergovernmental relations,Government studies and investigations
S. 3706,https://www.congress.gov/bill/117th-congress/senate-bill/3706,A bill to provide for the application of certain provisions of the Secure Rural Schools and Community Self-Determination Act of 2000 for fiscal year 2021.,"Crapo, Mike","Wicker, Roger F.","Wyden, Ron","Risch, James E.","Merkley, Jeff","Manchin, Joe, III",Public Lands and Natural Resources,State and local taxation,State and local finance,"Forests, forestry, trees",
S. 3662,https://www.congress.gov/bill/117th-congress/senate-bill/3662,Preventing PFAS Runoff at Airports Act,"Peters, Gary C.","Capito, Shelley Moore","Klobuchar, Amy","Lummis, Cynthia M.","Duckworth, Tammy","Moran, Jerry",Transportation and Public Works,Hazardous wastes and toxic substances,Fires,Congressional oversight,Transportation safety and security
S. 3655,https://www.congress.gov/bill/117th-congress/senate-bill/3655,Civil Rights Cold Case Investigations Support Act of 2022,"Ossoff, Jon","Hassan, Margaret Wood","Carper, Thomas R.","Peters, Gary C.","Cruz, Ted",,"Civil Rights and Liberties, Minority Issues",Violent crime,U.S. history,Racial and ethnic relations,Libraries and archives
S. 3606,https://www.congress.gov/bill/117th-congress/senate-bill/3606,"A bill to amend title 38, United States Code, to eliminate the requirement to specify an effective period of transfer of Post-9/11 educational assistance to a dependent, and for other purposes.","Tuberville, Tommy","Blackburn, Marsha","Boozman, John","Blumenthal, Richard","Thune, John","Rubio, Marco",Armed Forces and National Security,Veterans' pensions and compensation,Military personnel and dependents,"Veterans' education, employment, rehabilitation",
S. 3600,https://www.congress.gov/bill/117th-congress/senate-bill/3600,Strengthening American Cybersecurity Act of 2022,"Peters, Gary C.","Bennet, Michael F.","Portman, Rob","Collins, Susan M.","Burr, Richard","Casey, Robert P., Jr.","Science, Technology, Communications",Government studies and investigations,Technology assessment,Public contracts and procurement,Advisory bodies
S. 3580,https://www.congress.gov/bill/117th-congress/senate-bill/3580,Ocean Shipping Reform Act of 2022,"Klobuchar, Amy","Cantwell, Maria","Wicker, Roger F.","Hoeven, John","Stabenow, Debbie","Thune, John",Transportation and Public Works,Transportation programs funding,Transportation safety and security,Transportation employees,Transportation costs
S. 3541,https://www.congress.gov/bill/117th-congress/senate-bill/3541,Health Care for Burn Pit Veterans Act,"Tester, Jon","Ossoff, Jon","Murray, Patty","Brown, Sherrod","Sanders, Bernard","Manchin, Joe, III",Armed Forces and National Security,Africa,Health information and medical records,Yemen,United Arab Emirates
S. 3527,https://www.congress.gov/bill/117th-congress/senate-bill/3527,"A bill to amend title 38, United States Code, to authorize the Secretary of Veterans Affairs to transfer the name of property of the Department of Veterans Affairs designated by law to other property of the Department.","Tester, Jon","Daines, Steve",,,,,Armed Forces and National Security,"Government buildings, facilities, and property",Department of Veterans Affairs,Congressional oversight,
S. 3522,https://www.congress.gov/bill/117th-congress/senate-bill/3522,Ukraine Democracy Defense Lend-Lease Act of 2022,"Cornyn, John","King, Angus S., Jr.","Ernst, Joni","Cardin, Benjamin L.","Wicker, Roger F.","Shaheen, Jeanne",International Affairs,Alliances,Collective security,Computer security and identity theft,Conflicts and wars
S. 3510,https://www.congress.gov/bill/117th-congress/senate-bill/3510,Disaster Resiliency Planning Act,"Peters, Gary C.","Scott, Rick",,,,,Emergency Management,"Government buildings, facilities, and property",Emergency planning and evacuation,Congressional oversight,Natural disasters
S. 3499,https://www.congress.gov/bill/117th-congress/senate-bill/3499,"A bill to amend the Post-Katrina Emergency Management Reform Act of 2006 to repeal certain obsolete requirements, and for other purposes.","Peters, Gary C.","Portman, Rob",,,,,Emergency Management,Public contracts and procurement,Administrative law and regulatory procedures,Disaster relief and insurance,Natural disasters
S. 3470,https://www.congress.gov/bill/117th-congress/senate-bill/3470,End Human Trafficking in Government Contracts Act of 2022,"Lankford, James","Ernst, Joni",,,,,Government Operations and Politics,Public contracts and procurement,Human trafficking,Government studies and investigations,Congressional oversight
S. 3451,https://www.congress.gov/bill/117th-congress/senate-bill/3451,"A bill to include certain computer-related projects in the Federal permitting program under title XLI of the FAST Act, and for other purposes.","Hagerty, Bill","Portman, Rob","King, Angus S., Jr.",,,,Environmental Protection,Computer security and identity theft,Computers and information technology,"Environmental assessment, monitoring, research",Licensing and registrations
S. 3437,https://www.congress.gov/bill/117th-congress/senate-bill/3437,COVID-19 Bankruptcy Relief Extension Consolidation Act of 2021,"Durbin, Richard J.","Grassley, Chuck",,,,,Small business,Bankruptcy,Cardiovascular and respiratory health,Infectious and parasitic diseases,Debt collection
S. 3436,https://www.congress.gov/bill/117th-congress/senate-bill/3436,Protecting Europe's Energy Security Implementation Act,"Cruz, Ted","Johnson, Ron","Risch, James E.","Barrasso, John",,,Oil and gas,Visas and passports,User charges and fees,Russia,Sanctions
S. 3377,https://www.congress.gov/bill/117th-congress/senate-bill/3377,Capitol Police Emergency Assistance Act of 2021,"Klobuchar, Amy","Blunt, Roy","King, Angus S., Jr.","Wicker, Roger F.","Capito, Shelley Moore","Merkley, Jeff",Congressional officers and employees,Crime prevention,Congressional agencies,Congressional leadership,Congressional oversight
S. 3373,https://www.congress.gov/bill/117th-congress/senate-bill/3373,Honoring our PACT Act of 2022,"Kaine, Tim","Tester, Jon","Cortez Masto, Catherine",,,,Education,Afghanistan,Asia,Conflicts and wars,Higher education
S. 3369,https://www.congress.gov/bill/117th-congress/senate-bill/3369,Max Cleland VA Medical Center Act,"Warnock, Raphael G.","Wyden, Ron","Murray, Patty","Collins, Susan M.","Inhofe, James M.","Schumer, Charles E.",Armed Forces and National Security,Congressional tributes,Department of Veterans Affairs,Georgia,"Government buildings, facilities, and property"
S. 3309,https://www.congress.gov/bill/117th-congress/senate-bill/3309,Securing Semiconductor Supply Chains Act of 2021,"Peters, Gary C.","Blackburn, Marsha","Scott, Rick",,,,"Competitiveness, trade promotion, trade deficits",Computers and information technology,Congressional oversight,Economic development,Manufacturing
S. 3294,https://www.congress.gov/bill/117th-congress/senate-bill/3294,A bill to obtain and direct the placement in the Capitol or on the Capitol Grounds of a statue to honor Associate Justice of the Supreme Court of the United States Sandra Day O'Connor and a statue to honor Associate Justice of the Supreme Court of the United States Ruth Bader Ginsburg.,"Klobuchar, Amy","Feinstein, Dianne","King, Angus S., Jr.","Capito, Shelley Moore","Baldwin, Tammy","Cortez Masto, Catherine",Congress,U.S. Capitol,Supreme Court,Judges,"Art, artists, authorship"
S. 3232,https://www.congress.gov/bill/117th-congress/senate-bill/3232,STURDY Act,"Casey, Robert P., Jr.","Lujan, Ben Ray","Feinstein, Dianne","Durbin, Richard J.","Cardin, Benjamin L.","Klobuchar, Amy",Commerce,Administrative law and regulatory procedures,Child safety and welfare,Product safety and quality,Consumer Product Safety Commission
S. 3157,https://www.congress.gov/bill/117th-congress/senate-bill/3157,Bridging the Gap for New Americans Act,"Klobuchar, Amy","Collins, Susan M.","Cornyn, John","Murkowski, Lisa","Coons, Christopher A.","Hickenlooper, John W.",Immigration,Labor market,Wages and earnings,Government studies and investigations,Government information and archives
S. 3115,https://www.congress.gov/bill/117th-congress/senate-bill/3115,POWER 2.0 Act,"Sullivan, Dan","Hassan, Margaret Wood","Capito, Shelley Moore","Shaheen, Jeanne","Murkowski, Lisa",,Crime and Law Enforcement,,,,
S. 3103,https://www.congress.gov/bill/117th-congress/senate-bill/3103,Eliminating Limits to Justice for Child Sex Abuse Victims Act of 2022,"Durbin, Richard J.","Ossoff, Jon","Padilla, Alex","Blumenthal, Richard","Tillis, Thomas","Klobuchar, Amy",Crime and Law Enforcement,Sex offenses,Domestic violence and child abuse,Crimes against children,Civil actions and liability
S. 3092,https://www.congress.gov/bill/117th-congress/senate-bill/3092,FIRE Act,"Padilla, Alex","Lujan, Ben Ray","Wyden, Ron","Feinstein, Dianne","Murray, Patty","Merkley, Jeff",Emergency Management,Fires,"Forests, forestry, trees",Disaster relief and insurance,Homelessness and emergency shelter
S. 3059,https://www.congress.gov/bill/117th-congress/senate-bill/3059,Courthouse Ethics and Transparency Act,"Cornyn, John","Grassley, Chuck","Cruz, Ted","Durbin, Richard J.","Whitehouse, Sheldon","Kennedy, John",Law,Securities,Judges,Government information and archives,"Government ethics and transparency, public corruption"
S. 3011,https://www.congress.gov/bill/117th-congress/senate-bill/3011,"State, Local, Tribal, and Territorial Fiscal Recovery, Infrastructure, and Disaster Relief Flexibility Act","Cornyn, John","Casey, Robert P., Jr.","Hassan, Margaret Wood","Blackburn, Marsha","Murray, Patty","Wyden, Ron",Wages and earnings,Cardiovascular and respiratory health,Disaster relief and insurance,Economic performance and conditions,Emergency medical services and trauma care
S. 2991,https://www.congress.gov/bill/117th-congress/senate-bill/2991,Countering Human Trafficking Act of 2021,"Peters, Gary C.","Hassan, Margaret Wood","Kelly, Mark","Portman, Rob",,,Crime and Law Enforcement,Trade restrictions,Computers and information technology,Sex offenses,Public contracts and procurement
S. 2959,https://www.congress.gov/bill/117th-congress/senate-bill/2959,Supplemental Impact Aid Flexibility Act,"Thune, John","Cassidy, Bill","Smith, Tina","Murkowski, Lisa",,,Education,Emergency medical services and trauma care,Government information and archives,Education programs funding,Infectious and parasitic diseases
S. 2938,https://www.congress.gov/bill/117th-congress/senate-bill/2938,Bipartisan Safer Communities Act,"Rubio, Marco","Scott, Rick",,,,,Government Operations and Politics,"Government buildings, facilities, and property",Florida,Judges,Congressional tributes
S. 2932,https://www.congress.gov/bill/117th-congress/senate-bill/2932,"A bill to designate the facility of the United States Postal Service located at 430 South Knowles Avenue in New Richmond, Wisconsin, as the ""Captain Robert C. Harmon and Private John R. Peirson Post Office Building"".","Baldwin, Tammy","Johnson, Ron",,,,,Government Operations and Politics,Wisconsin,Postal service,"Government buildings, facilities, and property",Congressional tributes
S. 2923,https://www.congress.gov/bill/117th-congress/senate-bill/2923,Fishery Resource Disasters Improvement Act,"Wicker, Roger F.","Murkowski, Lisa","Hyde-Smith, Cindy","Cantwell, Maria",,,Public Lands and Natural Resources,Water quality,Floods and storm protection,Oil and gas,Marine pollution
S. 2899,https://www.congress.gov/bill/117th-congress/senate-bill/2899,Prison Camera Reform Act of 2021,"Ossoff, Jon","Durbin, Richard J.","Grassley, Chuck",,,,Crime and Law Enforcement,Law enforcement officers,Photography and imaging,Sound recording,Worker safety and health
S. 2796,https://www.congress.gov/bill/117th-congress/senate-bill/2796,Rural Opioid Abuse Prevention Act,"Ossoff, Jon","Grassley, Chuck",,,,,Crime and Law Enforcement,Health programs administration and funding,Health promotion and preventive care,Law enforcement administration and funding,"Drug, alcohol, tobacco use"
S. 2794,https://www.congress.gov/bill/117th-congress/senate-bill/2794,Supporting Families of the Fallen Act,"Tuberville, Tommy","Barrasso, John","Braun, Mike","Cramer, Kevin","Scott, Rick","Lummis, Cynthia M.",Armed Forces and National Security,Military personnel and dependents,Veterans' pensions and compensation,"Life, casualty, property insurance",
S. 2771,https://www.congress.gov/bill/117th-congress/senate-bill/2771,"A bill to designate the community-based outpatient clinic of the Department of Veterans Affairs in San Angelo, Texas, as the ""Colonel Charles and JoAnne Powell Department of Veterans Affairs Clinic"".","Cornyn, John","Cruz, Ted",,,,,Armed Forces and National Security,"Government buildings, facilities, and property",Texas,Home and outpatient care,Health facilities and institutions
S. 2687,https://www.congress.gov/bill/117th-congress/senate-bill/2687,Strengthening Oversight for Veterans Act of 2021,"Tester, Jon","Boozman, John","Manchin, Joe, III",,,,Armed Forces and National Security,Congressional oversight,Department of Justice,Government studies and investigations,Department of Veterans Affairs
S. 2629,https://www.congress.gov/bill/117th-congress/senate-bill/2629,Better Cybercrime Metrics Act,"Schatz, Brian","Feinstein, Dianne","Cornyn, John","Blumenthal, Richard","Tillis, Thomas","Durbin, Richard J.",Crime and Law Enforcement,Government information and archives,Government studies and investigations,Criminal justice information and records,"Criminal investigation, prosecution, interrogation"
S. 2551,https://www.congress.gov/bill/117th-congress/senate-bill/2551,AI Training Act,"Peters, Gary C.","Portman, Rob",,,,,Government Operations and Politics,Computers and information technology,Advanced technology and technological innovations,Employment and training programs,"Government employee pay, benefits, personnel management"
S. 2533,https://www.congress.gov/bill/117th-congress/senate-bill/2533,Making Advances in Mammography and Medical Options for Veterans Act,"Tester, Jon","Stabenow, Debbie","Collins, Susan M.","Boozman, John","Hirono, Mazie K.","Coons, Christopher A.",Armed Forces and National Security,Health care coverage and access,Veterans' medical care,Rural conditions and development,Neurological disorders
S. 2521,https://www.congress.gov/bill/117th-congress/senate-bill/2521,SBIC Advisory Committee Act of 2022,"Cardin, Benjamin L.","Coons, Christopher A.","Risch, James E.",,,,Commerce,Advisory bodies,Business investment and capital,Congressional oversight,Minority and disadvantaged businesses
S. 2520,https://www.congress.gov/bill/117th-congress/senate-bill/2520,State and Local Government Cybersecurity Act of 2021,"Peters, Gary C.","Rosen, Jacky","Portman, Rob",,,,Emergency Management,State and local government operations,Federal-Indian relations,"Elections, voting, political campaign regulation",Technology assessment
S. 2514,https://www.congress.gov/bill/117th-congress/senate-bill/2514,"A bill to rename the Provo Veterans Center in Orem, Utah, as the ""Col. Gail S. Halvorsen 'Candy Bomber' Veterans Center"".","Lee, Mike","Romney, Mitt",,,,,Armed Forces and National Security,Utah,Military personnel and dependents,"Government buildings, facilities, and property",Department of Veterans Affairs
S. 2490,https://www.congress.gov/bill/117th-congress/senate-bill/2490,Blackwell School National Historic Site Act,"Cornyn, John","Padilla, Alex",,,,,Public Lands and Natural Resources,Educational facilities and institutions,Historic sites and heritage areas,Latin America,Mexico
S. 2382,https://www.congress.gov/bill/117th-congress/senate-bill/2382,"A bill to authorize the National Cyber Director to accept details from other elements of the Federal Government on nonreimbursable basis, and for other purposes.","Portman, Rob","Rosen, Jacky","King, Angus S., Jr.","Peters, Gary C.","Rounds, Mike","Sinema, Kyrsten","Intelligence activities, surveillance, classified information","Government employee pay, benefits, personnel management",Computer security and identity theft,"Science, Technology, Communications",
S. 2322,https://www.congress.gov/bill/117th-congress/senate-bill/2322,CTPAT Pilot Program Act of 2021,"Cornyn, John","Hassan, Margaret Wood","Carper, Thomas R.","Lankford, James","Menendez, Robert","Scott, Tim",Foreign Trade and International Finance,Terrorism,Transportation safety and security,Smuggling and trafficking,Public-private cooperation
S. 2299,https://www.congress.gov/bill/117th-congress/senate-bill/2299,CADETS Act,"Peters, Gary C.","Klobuchar, Amy","Baldwin, Tammy","Cruz, Ted","Markey, Edward J.","Young, Todd",Transportation and Public Works,National Guard and reserves,State and local government operations,Student aid and college costs,Transportation employees
S. 2293,https://www.congress.gov/bill/117th-congress/senate-bill/2293,CREW Act,"Peters, Gary C.","Portman, Rob",,,,,Emergency Management,"Government employee pay, benefits, personnel management",Department of Homeland Security,Temporary and part-time employment,Federal Emergency Management Agency (FEMA)
S. 2280,https://www.congress.gov/bill/117th-congress/senate-bill/2280,VETS Safe Travel Act,"Young, Todd","Daines, Steve","Portman, Rob","Duckworth, Tammy","Hassan, Margaret Wood","Rosen, Jacky",Transportation and Public Works,Government information and archives,Marketing and advertising,Aviation and airports,Transportation safety and security
S. 2255,https://www.congress.gov/bill/117th-congress/senate-bill/2255,Trade Adjustment Assistance Extension Act of 2021,"Brown, Sherrod",,,,,,Trade adjustment assistance,Employee benefits and pensions,Health care costs and insurance,Wages and earnings,Foreign Trade and International Finance
S. 2205,https://www.congress.gov/bill/117th-congress/senate-bill/2205,"A bill to designate the United States courthouse located at 201 South Evans Street in Greenville, North Carolina, as the ""Malcolm J. Howard United States Courthouse"", and for other purposes.","Burr, Richard",,,,,,North Carolina,"Government buildings, facilities, and property",Government Operations and Politics,Congressional tributes,
S. 2201,https://www.congress.gov/bill/117th-congress/senate-bill/2201,Supply Chain Security Training Act of 2021,"Peters, Gary C.","Hassan, Margaret Wood","Johnson, Ron",,,,Government Operations and Politics,Computer security and identity theft,Computers and information technology,Telephone and wireless communication,Public contracts and procurement
S. 2184,https://www.congress.gov/bill/117th-congress/senate-bill/2184,"A bill to amend the Sarbanes-Oxley Act of 2002 to institute a trading prohibition for certain issuers that retain public accounting firms that have not been subject to inspection by the Public Company Accounting Oversight Board, and for other purposes.","Kennedy, John","Rubio, Marco",,,,,Corporate finance and management,Securities,Financial services and investments,Accounting and auditing,Finance and Financial Sector
S. 2159,https://www.congress.gov/bill/117th-congress/senate-bill/2159,"A bill to designate the community-based outpatient clinic of the Department of Veterans Affairs located at 400 College Drive, Middleburg, Florida, as the ""Andrew K. Baker Department of Veterans Affairs Clinic"", and for other purposes.","Rubio, Marco","Scott, Rick",,,,,Armed Forces and National Security,Florida,Department of Veterans Affairs,Home and outpatient care,"Government buildings, facilities, and property"
S. 2151,https://www.congress.gov/bill/117th-congress/senate-bill/2151,A bill to amend the Omnibus Crime Control and Safe Streets Act of 1968 to provide that COPS grant funds may be used for local law enforcement recruits to attend schools or academies if the recruits agree to serve in precincts of law enforcement agencies in their communities.,"Peters, Gary C.","Blumenthal, Richard","Leahy, Patrick J.","Durbin, Richard J.","Cruz, Ted","Ossoff, Jon",Crime and Law Enforcement,Law enforcement officers,Department of Justice,Higher education,Law enforcement administration and funding
S. 2129,https://www.congress.gov/bill/117th-congress/senate-bill/2129,Otto Warmbier Countering North Korean Censorship and Surveillance Act of 2021,"Portman, Rob","Van Hollen, Chris","Hagerty, Bill","Brown, Sherrod","Coons, Christopher A.","Tillis, Thomas",International Affairs,Sanctions,Public-private cooperation,North Korea,Natural disasters
S. 2126,https://www.congress.gov/bill/117th-congress/senate-bill/2126,"A bill to designate the Federal Office Building located at 308 W. 21st Street in Cheyenne, Wyoming, as the ""Louisa Swain Federal Office Building"", and for other purposes.","Lummis, Cynthia M.","Van Hollen, Chris","Cardin, Benjamin L.","Barrasso, John",,,"Government buildings, facilities, and property",Government Operations and Politics,Congressional tributes,Wyoming,
S. 2123,https://www.congress.gov/bill/117th-congress/senate-bill/2123,Pray Safe Act,"Portman, Rob","Rounds, Mike","Hassan, Margaret Wood","Johnson, Ron","Peters, Gary C.","Rosen, Jacky",Emergency Management,Congressional oversight,Criminal justice information and records,Disaster relief and insurance,Emergency planning and evacuation
S. 2102,https://www.congress.gov/bill/117th-congress/senate-bill/2102,Dr. Kate Hendricks Thomas SERVICE Act,"Boozman, John","Van Hollen, Chris","Wyden, Ron","Blumenthal, Richard","Cramer, Kevin","Tillis, Thomas",Armed Forces and National Security,Asia,Hazardous wastes and toxic substances,Yemen,Women's health
S. 2089,https://www.congress.gov/bill/117th-congress/senate-bill/2089,Keep Kids Fed Act of 2022,"Shaheen, Jeanne","Cramer, Kevin","Hoeven, John","Hassan, Margaret Wood",,,Armed Forces and National Security,State and local government operations,National Guard and reserves,Military personnel and dependents,Military education and training
S. 2045,https://www.congress.gov/bill/117th-congress/senate-bill/2045,"A bill to designate the area between the intersections of 16th Street, Northwest and Fuller Street, Northwest and 16th Street, Northwest and Euclid Street, Northwest in Washington, District of Columbia, as ""Oswaldo Paya Way"".","Cruz, Ted","Cardin, Benjamin L.","Scott, Rick","Durbin, Richard J.","Rubio, Marco",,Government Operations and Politics,"Government buildings, facilities, and property",Congressional tributes,Caribbean area,District of Columbia
S. 1941,https://www.congress.gov/bill/117th-congress/senate-bill/1941,MAPS Act of 2021,"Peters, Gary C.","Portman, Rob","Moran, Jerry",,,,Government Operations and Politics,Government studies and investigations,Census and government statistics,Regional and metropolitan planning,Public participation and lobbying
S. 1917,https://www.congress.gov/bill/117th-congress/senate-bill/1917,K-12 Cybersecurity Act of 2021,"Peters, Gary C.","Rosen, Jacky","Cassidy, Bill","Scott, Rick",,,Education,Educational technology and distance education,"Teaching, teachers, curricula",Student records,Educational facilities and institutions
S. 1910,https://www.congress.gov/bill/117th-congress/senate-bill/1910,Major Medical Facility Authorization Act of 2021,"Tester, Jon","Moran, Jerry",,,,,"Government buildings, facilities, and property",Building construction,California,Department of Veterans Affairs,Health facilities and institutions
S. 1875,https://www.congress.gov/bill/117th-congress/senate-bill/1875,Veterans' Emergency Care Claims Parity Act,"Rounds, Mike",,,,,,Armed Forces and National Security,Disability and paralysis,Emergency medical services and trauma care,Government information and archives,Veterans' medical care
S. 1872,https://www.congress.gov/bill/117th-congress/senate-bill/1872,United States Army Rangers Veterans of World War II Congressional Gold Medal Act,"Ernst, Joni","Hawley, Josh","Blunt, Roy","Markey, Edward J.","Kelly, Mark","Sanders, Bernard",Armed Forces and National Security,Smithsonian Institution,Conflicts and wars,"Museums, exhibitions, cultural centers",Congressional tributes
S. 1867,https://www.congress.gov/bill/117th-congress/senate-bill/1867,COVID-19 Origin Act of 2021,"Hawley, Josh","Hyde-Smith, Cindy","Braun, Mike",,,,Armed Forces and National Security,China,Health personnel,Health promotion and preventive care,Congressional oversight
S. 1828,https://www.congress.gov/bill/117th-congress/senate-bill/1828,Helping American Victims Afflicted by Neurological Attacks Act of 2021,"Collins, Susan M.","Scott, Rick","Feinstein, Dianne","Sasse, Ben","Cornyn, John","Burr, Richard",Central Intelligence Agency (CIA),Worker safety and health,Neurological disorders,"Intelligence activities, surveillance, classified information","Government employee pay, benefits, personnel management"
S. 1787,https://www.congress.gov/bill/117th-congress/senate-bill/1787,State Antitrust Enforcement Venue Act of 2021,"Lee, Mike","Klobuchar, Amy","Blumenthal, Richard","Hawley, Josh","Leahy, Patrick J.","Cruz, Ted",Law,Judicial procedure and administration,Competition and antitrust,State and local government operations,Jurisdiction and venue
S. 1760,https://www.congress.gov/bill/117th-congress/senate-bill/1760,"A bill to designate the community-based outpatient clinic of the Department of Veterans Affairs planned to be built in Oahu, Hawaii, as the ""Daniel Kahikina Akaka Department of Veterans Affairs Community-Based Outpatient Clinic"".","Hirono, Mazie K.",,,,,,Armed Forces and National Security,Hawaii,Members of Congress,Home and outpatient care,Senate
S. 1687,https://www.congress.gov/bill/117th-congress/senate-bill/1687,Small Business Cyber Training Act of 2022,"Rubio, Marco","Rosen, Jacky","Risch, James E.","Shaheen, Jeanne","Cassidy, Bill","Hassan, Margaret Wood",Commerce,Computer security and identity theft,Small business,Business education,Licensing and registrations
S. 1662,https://www.congress.gov/bill/117th-congress/senate-bill/1662,Supporting the Foundation for the National Institutes of Health and the Reagan-Udall Foundation for the Food and Drug Administration Act,"Lujan, Ben Ray","Collins, Susan M.","Romney, Mitt",,,,Health,"Social work, volunteer service, charitable organizations",Research administration and funding,National Institutes of Health (NIH),Medical research
S. 1617,https://www.congress.gov/bill/117th-congress/senate-bill/1617,Disaster Assistance for Rural Communities Act,"Risch, James E.","Kennedy, John","Shaheen, Jeanne","Hassan, Margaret Wood","Braun, Mike",,Commerce,Government studies and investigations,Small business,Rural conditions and development,Government lending and loan guarantees
S. 1605,https://www.congress.gov/bill/117th-congress/senate-bill/1605,National Defense Authorization Act for Fiscal Year 2022,"Scott, Rick","Rubio, Marco","Padilla, Alex",,,,"Arts, Culture, Religion",Crime victims,Florida,Monuments and memorials,Violent crime
S. 1596,https://www.congress.gov/bill/117th-congress/senate-bill/1596,Greatest Generation Memorial Act,"Rounds, Mike","Hickenlooper, John W.","Rubio, Marco","Daines, Steve","Hassan, Margaret Wood","Blackburn, Marsha",Finance and Financial Sector,Monuments and memorials,Veterans' organizations and recognition,U.S. history,Military history
S. 1585,https://www.congress.gov/bill/117th-congress/senate-bill/1585,Improving Mental Health Access for Students Act,"Kennedy, John","Sinema, Kyrsten",,,,,Education,Mental health,Health promotion and preventive care,Emergency communications systems,Higher education
S. 1543,https://www.congress.gov/bill/117th-congress/senate-bill/1543,STANDUP Act of 2021,"Hassan, Margaret Wood","Kennedy, John","Cornyn, John","Shaheen, Jeanne","Coons, Christopher A.","Blumenthal, Richard",Health,Child health,Government information and archives,Education programs funding,Minority health
S. 1511,https://www.congress.gov/bill/117th-congress/senate-bill/1511,Protecting America's First Responders Act of 2021,"Grassley, Chuck","Ossoff, Jon","Crapo, Mike","Klobuchar, Amy","Tester, Jon","Whitehouse, Sheldon",Crime and Law Enforcement,Disability and paralysis,Disability assistance,Emergency medical services and trauma care,Employee benefits and pensions
S. 1502,https://www.congress.gov/bill/117th-congress/senate-bill/1502,COPS Counseling Act,"Cortez Masto, Catherine","Klobuchar, Amy","Ossoff, Jon","Durbin, Richard J.","Booker, Cory A.","Leahy, Patrick J.",Crime and Law Enforcement,Health information and medical records,Right of privacy,Government information and archives,Worker safety and health
S. 1404,https://www.congress.gov/bill/117th-congress/senate-bill/1404,Ghost Army Congressional Gold Medal Act,"Markey, Edward J.","Scott, Rick","Romney, Mitt","Reed, Jack","Heinrich, Martin","Ernst, Joni",Armed Forces and National Security,Military operations and strategy,Smithsonian Institution,Conflicts and wars,"Museums, exhibitions, cultural centers"
S. 1340,https://www.congress.gov/bill/117th-congress/senate-bill/1340,"A bill to amend title 28, United States Code, to redefine the eastern and middle judicial districts of North Carolina.","Tillis, Thomas","Burr, Richard",,,,,Law,North Carolina,Federal district courts,,
S. 1320,https://www.congress.gov/bill/117th-congress/senate-bill/1320,Chiricahua National Park Act,"Kelly, Mark","Sinema, Kyrsten",,,,,Public Lands and Natural Resources,"Parks, recreation areas, trails",Monuments and memorials,"Wilderness and natural areas, wildlife refuges, wild rivers, habitats",Arizona
S. 1301,https://www.congress.gov/bill/117th-congress/senate-bill/1301,Promoting Physical Activity for Americans Act,"Brown, Sherrod","Capito, Shelley Moore","Wicker, Roger F.",,,,Government information and archives,Health promotion and preventive care,Physical fitness and lifestyle,Budget deficits and national debt,Health
S. 1260,https://www.congress.gov/bill/117th-congress/senate-bill/1260,United States Innovation and Competition Act of 2021,"Schumer, Charles E.","Collins, Susan M.","Graham, Lindsey","Coons, Christopher A.","Blunt, Roy","Portman, Rob",Business investment and capital,China,"Competitiveness, trade promotion, trade deficits",Computer security and identity theft,Computers and information technology
S. 1259,https://www.congress.gov/bill/117th-congress/senate-bill/1259,Safe Cribs Act,"Duckworth, Tammy","Brown, Sherrod","Blumenthal, Richard","Portman, Rob",,,Commerce,Product safety and quality,Child safety and welfare,Trade restrictions,Consumer affairs
S. 1251,https://www.congress.gov/bill/117th-congress/senate-bill/1251,Growing Climate Solutions Act of 2021,"Braun, Mike","Moran, Jerry","Sinema, Kyrsten","Wicker, Roger F.","Kelly, Mark","Blunt, Roy",Agriculture and Food,Agricultural practices and innovations,Advisory bodies,Air quality,Climate change and greenhouse gases
S. 1226,https://www.congress.gov/bill/117th-congress/senate-bill/1226,"A bill to designate the United States courthouse located at 1501 North 6th Street in Harrisburg, Pennsylvania, as the ""Sylvia H. Rambo United States Courthouse"", and for other purposes.","Casey, Robert P., Jr.","Toomey, Patrick",,,,,Government Operations and Politics,Judges,"Government buildings, facilities, and property",Pennsylvania,Congressional tributes
S. 1198,https://www.congress.gov/bill/117th-congress/senate-bill/1198,Solid Start Act of 2022,"Hassan, Margaret Wood","Cortez Masto, Catherine","Cassidy, Bill","Cramer, Kevin","Sinema, Kyrsten","Collins, Susan M.",Armed Forces and National Security,Veterans' organizations and recognition,Women's health,Government information and archives,Veterans' medical care
S. 1098,https://www.congress.gov/bill/117th-congress/senate-bill/1098,Joint Consolidation Loan Separation Act,"Warner, Mark R.","Smith, Tina","Cornyn, John","Rubio, Marco",,,Education,Domestic violence and child abuse,Government lending and loan guarantees,Student aid and college costs,Higher education
S. 1097,https://www.congress.gov/bill/117th-congress/senate-bill/1097,Federal Rotational Cyber Workforce Program Act of 2021,"Peters, Gary C.","Hassan, Margaret Wood","Rosen, Jacky","Hoeven, John",,,Computers and information technology,Congressional oversight,Computer security and identity theft,"Government employee pay, benefits, personnel management",Executive agency funding and structure
S. 1095,https://www.congress.gov/bill/117th-congress/senate-bill/1095,Colonel John M. McHugh Tuition Fairness for Survivors Act of 2021,"Moran, Jerry","Hassan, Margaret Wood","Tester, Jon","Sullivan, Dan","Sinema, Kyrsten",,Armed Forces and National Security,"Veterans' education, employment, rehabilitation",Higher education,Military personnel and dependents,Student aid and college costs
S. 1064,https://www.congress.gov/bill/117th-congress/senate-bill/1064,RENACER Act,"Menendez, Robert","Cruz, Ted","Durbin, Richard J.","Cardin, Benjamin L.","Rubio, Marco","Kaine, Tim",International Affairs,"Sovereignty, recognition, national governance and status",Violent crime,Foreign loans and debt,Foreign property
S. 1046,https://www.congress.gov/bill/117th-congress/senate-bill/1046,Residential Substance Use Disorder Treatment Act of 2021,"Cornyn, John","Murphy, Christopher","Feinstein, Dianne","Klobuchar, Amy","Whitehouse, Sheldon","Scott, Tim",Crime and Law Enforcement,Correctional facilities and imprisonment,Drug therapy,Drug trafficking and controlled substances,Medical education
S. 1041,https://www.congress.gov/bill/117th-congress/senate-bill/1041,RENACER Act,"Menendez, Robert","Cruz, Ted","Durbin, Richard J.","Cardin, Benjamin L.","Rubio, Marco","Kaine, Tim",International Affairs,"Broadcasting, cable, digital technologies",Assault and harassment offenses,Crimes against property,International exchange and broadcasting
S. 1037,https://www.congress.gov/bill/117th-congress/senate-bill/1037,Manufacturing.gov Act,"Peters, Gary C.","Rubio, Marco","Young, Todd",,,,Commerce,Employment and training programs,Department of Commerce,"Competitiveness, trade promotion, trade deficits",Small business
S. 1031,https://www.congress.gov/bill/117th-congress/senate-bill/1031,"A bill to require the Comptroller General of the United States to conduct a study on disparities associated with race and ethnicity with respect to certain benefits administered by the Secretary of Veterans Affairs, and for other purposes.","Warnock, Raphael G.","Lujan, Ben Ray","Menendez, Robert","Murray, Patty","Blumenthal, Richard","Murphy, Christopher",Armed Forces and National Security,Government information and archives,Disability assistance,Congressional oversight,Veterans' pensions and compensation
S. 958,https://www.congress.gov/bill/117th-congress/senate-bill/958,Maximizing Outcomes through Better Investments in Lifesaving Equipment for (MOBILE) Health Care Act,"Rosen, Jacky","Cortez Masto, Catherine","Ossoff, Jon","Collins, Susan M.","Brown, Sherrod","Braun, Mike",Health,Health promotion and preventive care,Building construction,Dental care,Health care coverage and access
S. 957,https://www.congress.gov/bill/117th-congress/senate-bill/957,DUMP Opioids Act,"Kennedy, John","Braun, Mike",,,,,Armed Forces and National Security,Department of Veterans Affairs,Health facilities and institutions,Drug trafficking and controlled substances,Veterans' medical care
S. 937,https://www.congress.gov/bill/117th-congress/senate-bill/937,COVID-19 Hate Crimes Act,"Hirono, Mazie K.","Ossoff, Jon","King, Angus S., Jr.","Leahy, Patrick J.","Feinstein, Dianne","Murray, Patty",State and local government operations,Crime prevention,Foreign language and bilingual programs,Criminal justice information and records,Emergency medical services and trauma care
S. 921,https://www.congress.gov/bill/117th-congress/senate-bill/921,Jaime Zapata and Victor Avila Federal Officers and Employees Protection Act,"Cornyn, John","Leahy, Patrick J.","Grassley, Chuck","Whitehouse, Sheldon","Coons, Christopher A.","Cotton, Tom",Crime and Law Enforcement,Violent crime,Jurisdiction and venue,Law enforcement officers,"Government employee pay, benefits, personnel management"
S. 914,https://www.congress.gov/bill/117th-congress/senate-bill/914,Drinking Water and Wastewater Infrastructure Act of 2021,"Duckworth, Tammy","Hoeven, John","Inhofe, James M.","Carper, Thomas R.","Stabenow, Debbie","Cardin, Benjamin L.",Air quality,Employment and training programs,Energy efficiency and conservation,"Environmental assessment, monitoring, research",Government information and archives
S. 895,https://www.congress.gov/bill/117th-congress/senate-bill/895,Human Trafficking Survivor Tax Relief Act,"Cornyn, John","Inhofe, James M.","Wyden, Ron","Carper, Thomas R.","Wicker, Roger F.","Portman, Rob",Taxation,Criminal procedure and sentencing,Crime victims,Income tax exclusion,Civil actions and liability
S. 894,https://www.congress.gov/bill/117th-congress/senate-bill/894,Hire Veteran Health Heroes Act of 2021,"Braun, Mike","Hassan, Margaret Wood",,,,,Armed Forces and National Security,Department of Veterans Affairs,Employee hiring,"Government employee pay, benefits, personnel management",Health personnel
S. 854,https://www.congress.gov/bill/117th-congress/senate-bill/854,Methamphetamine Response Act of 2021,"Feinstein, Dianne","Ernst, Joni","Grassley, Chuck",,,,Crime and Law Enforcement,"Drug, alcohol, tobacco use",Drug trafficking and controlled substances,,
S. 848,https://www.congress.gov/bill/117th-congress/senate-bill/848,Consider Teachers Act of 2021,"Braun, Mike","Warnock, Raphael G.","Sinema, Kyrsten","Cornyn, John","Smith, Tina",,Education,Administrative remedies,Department of Education,Education of the disadvantaged,Education programs funding
S. 812,https://www.congress.gov/bill/117th-congress/senate-bill/812,"A bill to direct the Secretary of State to develop a strategy to regain observer status for Taiwan in the World Health Organization, and for other purposes.","Menendez, Robert","Cruz, Ted","Inhofe, James M.","Coons, Christopher A.",,,World health,Congressional oversight,International Affairs,Taiwan,Asia
S. 796,https://www.congress.gov/bill/117th-congress/senate-bill/796,Protecting Moms Who Served Act of 2021,"Duckworth, Tammy","Collins, Susan M.","Blumenthal, Richard","Coons, Christopher A.","Ossoff, Jon","Stabenow, Debbie",Armed Forces and National Security,Health care costs and insurance,Government information and archives,Sex and reproductive health,"Veterans' loans, housing, homeless programs"
S. 789,https://www.congress.gov/bill/117th-congress/senate-bill/789,RESPECT Act,"Rounds, Mike","Cramer, Kevin","Lujan, Ben Ray","Lankford, James","Smith, Tina","Sinema, Kyrsten",Native Americans,Federal-Indian relations,,,
S. 734,https://www.congress.gov/bill/117th-congress/senate-bill/734,Jenna Quinn Law,"Cornyn, John","Lujan, Ben Ray","Braun, Mike","Hassan, Margaret Wood",,,Families,Child care and development,Elementary and secondary education,Law enforcement administration and funding,Domestic violence and child abuse
S. 697,https://www.congress.gov/bill/117th-congress/senate-bill/697,Harriet Tubman Bicentennial Commemorative Coin Act,"Rosen, Jacky","Sinema, Kyrsten","Feinstein, Dianne","Wyden, Ron","Carper, Thomas R.","Murkowski, Lisa",Finance and Financial Sector,U.S. history,Women's rights,Currency,Commemorative events and holidays
S. 693,https://www.congress.gov/bill/117th-congress/senate-bill/693,No CORRUPTION Act,"Rosen, Jacky","Scott, Rick",,,,,Congress,Members of Congress,"Government ethics and transparency, public corruption",Fraud offenses and financial crimes,"Government employee pay, benefits, personnel management"
S. 671,https://www.congress.gov/bill/117th-congress/senate-bill/671,Federal Agency Customer Experience Act of 2021,"Hassan, Margaret Wood","Lankford, James",,,,,Government Operations and Politics,Government information and archives,Government studies and investigations,Performance measurement,Congressional oversight
S. 658,https://www.congress.gov/bill/117th-congress/senate-bill/658,National Cybersecurity Preparedness Consortium Act of 2021,"Cornyn, John","Cruz, Ted","Leahy, Patrick J.","Boozman, John",,,"Science, Technology, Communications",First responders and emergency personnel,Emergency planning and evacuation,Public-private cooperation,Department of Homeland Security
S. 629,https://www.congress.gov/bill/117th-congress/senate-bill/629,GAO Database Modernization Act of 2021,"Scott, Rick","Peters, Gary C.",,,,,Government Operations and Politics,Congressional oversight,Government information and archives,Administrative law and regulatory procedures,Government studies and investigations
S. 623,https://www.congress.gov/bill/117th-congress/senate-bill/623,Sunshine Protection Act of 2021,"Rubio, Marco","Paul, Rand","Wyden, Ron","Whitehouse, Sheldon","Blunt, Roy","Markey, Edward J.","Science, Technology, Communications",State and local government operations,Time and calendar,,
S. 610,https://www.congress.gov/bill/117th-congress/senate-bill/610,Protecting Medicare and American Farmers from Sequester Cuts Act,"Kaine, Tim","Wicker, Roger F.","Collins, Susan M.","Reed, Jack","Stabenow, Debbie","Tester, Jon",Health,Government studies and investigations,Congressional oversight,Worker safety and health,Mental health
S. 593,https://www.congress.gov/bill/117th-congress/senate-bill/593,Alaska Tourism Restoration Act,"Murkowski, Lisa","Sullivan, Dan",,,,,Canada,Travel and tourism,Transportation safety and security,Emergency medical services and trauma care,Marine and inland water transportation
S. 590,https://www.congress.gov/bill/117th-congress/senate-bill/590,CONFUCIUS Act,"Kennedy, John","Hagerty, Bill","Grassley, Chuck","Tillis, Thomas","Blackburn, Marsha","Hawley, Josh",Education,Asia,Higher education,Education programs funding,Contracts and agency
S. 583,https://www.congress.gov/bill/117th-congress/senate-bill/583,PRICE Act of 2021,"Peters, Gary C.","Collins, Susan M.","Carper, Thomas R.","Ernst, Joni",,,Government Operations and Politics,Office of Management and Budget (OMB),Public contracts and procurement,Advisory bodies,Competition and antitrust
S. 579,https://www.congress.gov/bill/117th-congress/senate-bill/579,A bill to make a technical correction to the ALS Disability Insurance Access Act of 2019.,"Braun, Mike","Whitehouse, Sheldon","Coons, Christopher A.","Cotton, Tom",,,Social Welfare,Neurological disorders,Disability assistance,,
S. 578,https://www.congress.gov/bill/117th-congress/senate-bill/578,FASTER Act of 2021,"Scott, Tim","Murphy, Christopher","Warnock, Raphael G.","Marshall, Roger","Collins, Susan M.","Gillibrand, Kirsten E.",Health,Food and Drug Administration (FDA),Medical research,Congressional oversight,Research and development
S. 566,https://www.congress.gov/bill/117th-congress/senate-bill/566,"A bill to designate the facility of the United States Postal Service located at 42 Main Street in Slatersville, Rhode Island, as the ""Specialist Matthew R. Turcotte Post Office"".","Reed, Jack","Whitehouse, Sheldon",,,,,Government Operations and Politics,Congressional tributes,"Government buildings, facilities, and property",Postal service,Rhode Island
S. 559,https://www.congress.gov/bill/117th-congress/senate-bill/559,"A bill to amend the Grand Ronde Reservation Act, and for other purposes.","Merkley, Jeff","Wyden, Ron",,,,,Native Americans,Indian lands and resources rights,Oregon,Land transfers,Federal-Indian relations
S. 558,https://www.congress.gov/bill/117th-congress/senate-bill/558,FLOODS Act,"Wicker, Roger F.","Peters, Gary C.","Ernst, Joni","Booker, Cory A.",,,Public Lands and Natural Resources,Student aid and college costs,Department of Commerce,Atmospheric science and weather,Marine and inland water transportation
S. 550,https://www.congress.gov/bill/117th-congress/senate-bill/550,Southeast Alaska Regional Health Consortium Land Transfer Act of 2021,"Murkowski, Lisa","Sullivan, Dan",,,,,Native Americans,Pollution liability,Minority health,Alaska,Alaska Natives and Hawaiians
S. 549,https://www.congress.gov/bill/117th-congress/senate-bill/549,"A bill to provide for the conveyance of certain property to the Tanana Tribal Council located in Tanana, Alaska, and for other purposes.","Murkowski, Lisa","Sullivan, Dan",,,,,Minority health,Alaska,Alaska Natives and Hawaiians,Land transfers,Indian social and development programs
S. 548,https://www.congress.gov/bill/117th-congress/senate-bill/548,Alaska Native Tribal Health Consortium Land Transfer Act of 2021,"Murkowski, Lisa","Sullivan, Dan",,,,,Native Americans,Indian social and development programs,Alaska Natives and Hawaiians,Land transfers,Health facilities and institutions
S. 544,https://www.congress.gov/bill/117th-congress/senate-bill/544,"A bill to direct the Secretary of Veterans Affairs to designate one week each year as ""Buddy Check Week"" for the purpose of outreach and education concerning peer wellness checks for veterans, and for other purposes.","Ernst, Joni","Collins, Susan M.","Manchin, Joe, III","Cantwell, Maria","Barrasso, John","Bennet, Michael F.",Armed Forces and National Security,"Social work, volunteer service, charitable organizations",Commemorative events and holidays,Health promotion and preventive care,Veterans' medical care
S. 534,https://www.congress.gov/bill/117th-congress/senate-bill/534,Tribal Child Support Enforcement Act,"Thune, John","Daines, Steve","Wyden, Ron",,,,Native Americans,Child safety and welfare,Debt collection,Government information and archives,"Separation, divorce, custody, support"
S. 533,https://www.congress.gov/bill/117th-congress/senate-bill/533,Guidance Clarity Act of 2021,"Lankford, James","Johnson, Ron","Risch, James E.",,,,Government Operations and Politics,Government information and archives,Administrative law and regulatory procedures,,
S. 516,https://www.congress.gov/bill/117th-congress/senate-bill/516,Advanced Air Mobility Coordination and Leadership Act,"Moran, Jerry","Sinema, Kyrsten",,,,,Transportation and Public Works,Emergency planning and evacuation,Transportation programs funding,Transportation safety and security,Manufacturing
S. 503,https://www.congress.gov/bill/117th-congress/senate-bill/503,PARENTS Act of 2021,"Cornyn, John","Cardin, Benjamin L.","Menendez, Robert",,,,Child safety and welfare,"Separation, divorce, custody, support",Family relationships,State and local finance,Family services
S. 497,https://www.congress.gov/bill/117th-congress/senate-bill/497,American Fisheries Advisory Committee Act,"Sullivan, Dan","Warnock, Raphael G.","Cantwell, Maria","Murkowski, Lisa","Warren, Elizabeth","Markey, Edward J.",Public Lands and Natural Resources,Advisory bodies,Hunting and fishing,Marketing and advertising,Food industry and services
S. 475,https://www.congress.gov/bill/117th-congress/senate-bill/475,Juneteenth National Independence Day Act,"Markey, Edward J.","Warnock, Raphael G.","Baldwin, Tammy","Fischer, Deb","Heinrich, Martin","Hirono, Mazie K.","Civil Rights and Liberties, Minority Issues",U.S. history,Racial and ethnic relations,Commemorative events and holidays,
S. 452,https://www.congress.gov/bill/117th-congress/senate-bill/452,Willie O'Ree Congressional Gold Medal Act,"Stabenow, Debbie","Warnock, Raphael G.","Brown, Sherrod","Scott, Tim","Schumer, Charles E.","Casey, Robert P., Jr.",Sports and Recreation,Congressional tributes,Racial and ethnic relations,Athletes,Professional sports
S. 450,https://www.congress.gov/bill/117th-congress/senate-bill/450,Emmett Till and Mamie Till-Mobley Congressional Gold Medal Act of 2021,"Burr, Richard","Murkowski, Lisa","Romney, Mitt","Collins, Susan M.","Durbin, Richard J.","Reed, Jack","Civil Rights and Liberties, Minority Issues",U.S. history,"Museums, exhibitions, cultural centers",Congressional tributes,Crime victims
S. 442,https://www.congress.gov/bill/117th-congress/senate-bill/442,BRIGHT Act,"Peters, Gary C.","Johnson, Ron",,,,,Government Operations and Politics,Government information and archives,"Government buildings, facilities, and property",Building construction,Congressional oversight
S. 422,https://www.congress.gov/bill/117th-congress/senate-bill/422,Senate Shared Employee Act,"Klobuchar, Amy",,,,,,Congress,Members of Congress,Congressional officers and employees,Senate,Transportation costs
S. 415,https://www.congress.gov/bill/117th-congress/senate-bill/415,"A bill to amend the Federal Food, Drug, and Cosmetic Act with respect to the scope of new chemical exclusivity.","Cassidy, Bill","Smith, Tina","Marshall, Roger",,,,Department of Health and Human Services,Chemistry,Administrative law and regulatory procedures,"Drug safety, medical device, and laboratory regulation",Health
S. 409,https://www.congress.gov/bill/117th-congress/senate-bill/409,"A bill to provide for the availability of amounts for customer education initiatives and non-awards expenses of the Commodity Futures Trading Commission Whistleblower Program, and for other purposes.","Grassley, Chuck","Collins, Susan M.","Baldwin, Tammy","Ernst, Joni","Hassan, Margaret Wood",,Finance and Financial Sector,Civil actions and liability,Consumer affairs,Government trust funds,Commodities markets
S. 407,https://www.congress.gov/bill/117th-congress/senate-bill/407,Air America Act of 2022,"Rubio, Marco","Daines, Steve","Feinstein, Dianne","Murray, Patty","Durbin, Richard J.","Schumer, Charles E.",Government Operations and Politics,Government corporations and government-sponsored enterprises,Central Intelligence Agency (CIA),"Government employee pay, benefits, personnel management","Intelligence activities, surveillance, classified information"
S. 400,https://www.congress.gov/bill/117th-congress/senate-bill/400,"William T. Coleman, Jr. and Norman Y. Mineta Department of Transportation Headquarters Act","Wicker, Roger F.","Duckworth, Tammy","Inhofe, James M.","Carper, Thomas R.","Casey, Robert P., Jr.","Barrasso, John",Government Operations and Politics,Department of Transportation,"Government buildings, facilities, and property",Congressional tributes,Federal officials
S. 325,https://www.congress.gov/bill/117th-congress/senate-bill/325,"A bill to amend the Alyce Spotted Bear and Walter Soboleff Commission on Native Children Act to extend the deadline for a report by the Alyce Spotted Bear and Walter Soboleff Commission on Native Children, and for other purposes.","Murkowski, Lisa","Tester, Jon","Sullivan, Dan","Schatz, Brian",,,Native Americans,Government studies and investigations,Child safety and welfare,Congressional oversight,Indian social and development programs
S. 321,https://www.congress.gov/bill/117th-congress/senate-bill/321,'Six Triple Eight' Congressional Gold Medal Act of 2021,"Moran, Jerry","Inhofe, James M.","Padilla, Alex","Peters, Gary C.","Cortez Masto, Catherine","Kelly, Mark",Armed Forces and National Security,Postal service,Women's employment,Military personnel and dependents,Europe
S. 320,https://www.congress.gov/bill/117th-congress/senate-bill/320,John Lewis NIMHD Research Endowment Revitalization Act of 2021,"Cassidy, Bill","Schatz, Brian",,,,,National Institutes of Health (NIH),Research administration and funding,Medical research,Education programs funding,Minority health
S. 314,https://www.congress.gov/bill/117th-congress/senate-bill/314,Klamath Tribe Judgment Fund Repeal Act,"Merkley, Jeff","Wyden, Ron",,,,,Native Americans,Indian claims,Legal fees and court costs,Oregon,
S. 297,https://www.congress.gov/bill/117th-congress/senate-bill/297,Reinforcing American-Made Products Act,"Lee, Mike","King, Angus S., Jr.",,,,,Commerce,State and local government operations,Consumer affairs,Buy American requirements,Marketing and advertising
S. 273,https://www.congress.gov/bill/117th-congress/senate-bill/273,Driftnet Modernization and Bycatch Reduction Act,"Feinstein, Dianne","Padilla, Alex","Capito, Shelley Moore","Coons, Christopher A.",,,Hunting and fishing,Fishes,Animal protection and human-animal relationships,"Marine and coastal resources, fisheries",Public Lands and Natural Resources
S. 272,https://www.congress.gov/bill/117th-congress/senate-bill/272,Congressional Budget Justification Transparency Act of 2021,"Peters, Gary C.","Cornyn, John","Ernst, Joni","Portman, Rob","Carper, Thomas R.",,Executive agency funding and structure,Congressional oversight,"Government ethics and transparency, public corruption",Government information and archives,Budget process
S. 270,https://www.congress.gov/bill/117th-congress/senate-bill/270,Brown v. Board of Education National Historical Park Expansion and Redesignation Act,"Coons, Christopher A.","Marshall, Roger","Carper, Thomas R.","Graham, Lindsey","Warner, Mark R.","Moran, Jerry",Public Lands and Natural Resources,Congressional oversight,District of Columbia,Historic sites and heritage areas,Kansas
S. 253,https://www.congress.gov/bill/117th-congress/senate-bill/253,Cannabidiol and Marihuana Research Expansion Act,"Feinstein, Dianne","Cramer, Kevin","Grassley, Chuck","Durbin, Richard J.","Murkowski, Lisa","Klobuchar, Amy",Crime and Law Enforcement,Health programs administration and funding,Research administration and funding,Public-private cooperation,Medical research
S. 233,https://www.congress.gov/bill/117th-congress/senate-bill/233,Donna M. Doss Memorial Act of 2021,"Cornyn, John","Tester, Jon","Sinema, Kyrsten","Cruz, Ted",,,Government Operations and Politics,Department of Homeland Security,Congressional tributes,"Government buildings, facilities, and property",Border security and unlawful immigration
S. 231,https://www.congress.gov/bill/117th-congress/senate-bill/231,PFAS Act,"Peters, Gary C.","Shaheen, Jeanne","Collins, Susan M.","Carper, Thomas R.","Murkowski, Lisa","Sullivan, Dan",Emergency Management,First responders and emergency personnel,Worker safety and health,Fires,Government information and archives
S. 198,https://www.congress.gov/bill/117th-congress/senate-bill/198,Data Mapping to Save Moms' Lives Act,"Rosen, Jacky","Hirono, Mazie K.","Schatz, Brian","Fischer, Deb","Young, Todd","Klobuchar, Amy",Health,Health information and medical records,Geography and mapping,Women's health,Intergovernmental relations
S. 189,https://www.congress.gov/bill/117th-congress/senate-bill/189,Veterans' Compensation Cost-of-Living Adjustment Act of 2021,"Thune, John","Sanders, Bernard","Schatz, Brian","Blumenthal, Richard","Sinema, Kyrsten","Tester, Jon",Armed Forces and National Security,Inflation and prices,Disability assistance,Veterans' pensions and compensation,
S. 169,https://www.congress.gov/bill/117th-congress/senate-bill/169,ARTS Act,"Tillis, Thomas","Blackburn, Marsha","Leahy, Patrick J.","Durbin, Richard J.",,,Commerce,User charges and fees,Science and engineering education,Elementary and secondary education,"Art, artists, authorship"
S. 164,https://www.congress.gov/bill/117th-congress/senate-bill/164,Advancing Education on Biosimilars Act of 2021,"Hassan, Margaret Wood","Cassidy, Bill",,,,,Health,Health personnel,Prescription drugs,Medical education,Licensing and registrations
S. 144,https://www.congress.gov/bill/117th-congress/senate-bill/144,Desert Sage Youth Wellness Center Access Improvement Act,"Feinstein, Dianne","Blumenthal, Richard","Padilla, Alex",,,,Minority health,California,"Drug, alcohol, tobacco use",Native Americans,Land transfers
S. 120,https://www.congress.gov/bill/117th-congress/senate-bill/120,Safe Connections Act of 2021,"Schatz, Brian","Feinstein, Dianne","Cortez Masto, Catherine","Wyden, Ron","Blumenthal, Richard","Fischer, Deb",Sex offenses,Assault and harassment offenses,Business records,Civil actions and liability,Congressional oversight
S. 108,https://www.congress.gov/bill/117th-congress/senate-bill/108,"A bill to authorize the Seminole Tribe of Florida to lease or transfer certain land, and for other purposes.","Rubio, Marco","Scott, Rick",,,,,Florida,Indian lands and resources rights,Land transfers,Native Americans,
S. 89,https://www.congress.gov/bill/117th-congress/senate-bill/89,Ensuring Survivor Benefits during COVID-19 Act of 2021,"Sinema, Kyrsten","King, Angus S., Jr.","Shaheen, Jeanne","Coons, Christopher A.","Blumenthal, Richard","Boozman, John",Armed Forces and National Security,Disability and paralysis,Health information and medical records,Cardiovascular and respiratory health,Veterans' medical care
S. 66,https://www.congress.gov/bill/117th-congress/senate-bill/66,South Florida Clean Coastal Waters Act of 2021,"Rubio, Marco","Scott, Rick",,,,,Aquatic ecology,Congressional oversight,Florida,Lakes and rivers,"Marine and coastal resources, fisheries"
S. 65,https://www.congress.gov/bill/117th-congress/senate-bill/65,Uyghur Forced Labor Prevention Act,"Rubio, Marco","Murray, Patty","Durbin, Richard J.","King, Angus S., Jr.","Cassidy, Bill","Marshall, Roger",International Affairs,Administrative law and regulatory procedures,Asia,China,Congressional oversight
S. 35,https://www.congress.gov/bill/117th-congress/senate-bill/35,Officer Eugene Goodman Congressional Gold Medal Act,"Van Hollen, Chris","Portman, Rob","Hickenlooper, John W.","McConnell, Mitch","Leahy, Patrick J.","Wyden, Ron",Crimes against property,Law enforcement officers,Congressional tributes,U.S. Capitol,Congressional officers and employees